{
    "hairColor": 0.7666666666666667,
    "eyeColor": 0.7706422018348624,
    "personAge": 0.43730130695867186,
    "name": 0.7011494252873564
}