{
    "hairColor": 0.4504703929164361,
    "eyeColor": 0.39040839265642563,
    "personAge": 0.5204575450945886,
    "name": 0.6655962021781625
}